{
    "soniah": [
        {
            "product_name": "iphone 6",
            "sales_predictions": {
                "LightGBM": [
                    [
                        473.35166422526044
                    ],
                    [
                        473.35166422526044
                    ],
                    [
                        473.35166422526044
                    ]
                ],
                "Random Forest": [
                    [
                        792.9161000000003
                    ],
                    [
                        817.5174000000002
                    ],
                    [
                        1526.7096999999994
                    ]
                ]
            }
        },
        {
            "product_name": "iphone 15",
            "sales_predictions": {
                "LightGBM": [
                    [
                        1010.5
                    ],
                    [
                        1010.5
                    ],
                    [
                        1010.5
                    ]
                ],
                "Random Forest": [
                    [
                        748.03
                    ],
                    [
                        1030.69
                    ],
                    [
                        1212.4
                    ]
                ]
            }
        }
    ]
}